Title,Text
recap_problems,"This text comes from the document recap_problems. \\documentclass { article } \\usepackage { graphicx } \\usepackage { enumitem } \\usepackage { xcolor } \\usepackage { amsmath } \\usepackage { subcaption } \\begin { document } \\author { Tommaso Di Francesco \\\\ tommaso.difrancesco @ unive.it } \\title { \\textbf { Optimization - EM2Q12\\\\Exercise Session 8 } } \\maketitle \\begin { center } \\includegraphics [ width = 33mm ] { logo.jpeg } \\\\ [ 8ex ] \\caption { Department of Economics , \\\\Ca'Foscari University of Venice } \\end { center } \\medskip \\section * { RECAP EXERCISES } \\section * { Exercise 1 \\textcolor { red } { [ Unconstrained Optimization ] } } Solve \\ [ \\max_ { u_t { \\in\\mathbb { R } } } { \\sum_ { t=0 } ^3 1+x_t-u_t^2 } \\ ] s.t . \\ [ x_ { t+1 } =x_t+u_t \\quad \\text { for } \\quad t=0,1,2\\ ] \\ [ u_3 = 0 \\ ] \\ [ { x_0 } { =0 } \\ ] by rewriting the problem as a Static Optimization problem . \\subsection * { Solution } \\color { blue } We can rewrite the problem by exploiting the dynamic constraint to get a value for $ u_t = x_ { t+1 } -x_ { t } $ . Then we expand the summation , use the substitution , and use $ x_0 = 0 $ , to get : \\ [ \\max_ { x_1 , x_2 , x_3 } \\left ( 4 + x_1 +x_2 +x_3 - 2x^2_1 -2x^2_2 - x^2_3 + 2x_1x_2 + 2x_2x_3\\right ) . \\ ] This is an unconstrained optimization problem in three variables . Candidate solutions must satisfy the FOC $ \\nabla f ( x_1 , x_2 , x_3 ) =\\mathbf { 0 } $ . Computing the gradient we get : \\ [ \\nabla f ( x_1 , x_2 , x_3 ) '=\\left [ \\begin { array } { c } 1 - 4x_1 + 2x_2 \\\\ 1 - 4x_2 + 2x_3 + 2x_1 \\\\ 1 - 2x_3 + 2x_2 \\end { array } \\right ] , \\ ] setting it equal to 0 we get the only stationary point to be : \\ [ ( x^ * _1 , x^ * _2 , x^ * _3 ) = ( 3/2 , 5/2 , 3 ) . \\ ] To prove that this point is our maximizer we look at second order conditions . The Hessian matrix is given by : \\ [ H ( x_1 , x_2 , x_3 ) =\\left [ \\begin { array } { ccc } { -4 } & 2 & 0 \\\\ { 2 } & { -4 } & 2 \\\\ 0 & 2 & -2\\end { array } \\right ] , \\ ] with principal leading minors being : $ A_1 = -4 $ , $ A_2 = 12 $ , $ A_3 = -8 $ . The matrix is therefore negative definite , the function is globally concave , and the candidate point is"
recap_problems,"This text comes from the document recap_problems. - x^2_3 + 2x_1x_2 + 2x_2x_3\\right ) . \\ ] This is an unconstrained optimization problem in three variables . Candidate solutions must satisfy the FOC $ \\nabla f ( x_1 , x_2 , x_3 ) =\\mathbf { 0 } $ . Computing the gradient we get : \\ [ \\nabla f ( x_1 , x_2 , x_3 ) '=\\left [ \\begin { array } { c } 1 - 4x_1 + 2x_2 \\\\ 1 - 4x_2 + 2x_3 + 2x_1 \\\\ 1 - 2x_3 + 2x_2 \\end { array } \\right ] , \\ ] setting it equal to 0 we get the only stationary point to be : \\ [ ( x^ * _1 , x^ * _2 , x^ * _3 ) = ( 3/2 , 5/2 , 3 ) . \\ ] To prove that this point is our maximizer we look at second order conditions . The Hessian matrix is given by : \\ [ H ( x_1 , x_2 , x_3 ) =\\left [ \\begin { array } { ccc } { -4 } & 2 & 0 \\\\ { 2 } & { -4 } & 2 \\\\ 0 & 2 & -2\\end { array } \\right ] , \\ ] with principal leading minors being : $ A_1 = -4 $ , $ A_2 = 12 $ , $ A_3 = -8 $ . The matrix is therefore negative definite , the function is globally concave , and the candidate point is indeed our global maximizer . \\color { black } \\section * { Exercise 2 \\textcolor { red } { [ Equality Constrained Optimization ] } } Given the problem \\ [ \\max_ { x , y , z } x + y + z\\ ] s.t . \\ [ x y z = 1\\ ] \\begin { enumerate } [ label = ( \\alph * ) ] \\item Find the stationary points of the problem . \\item Argue if any of the candidate points is the global miximizer . \\end { enumerate } \\subsection * { Solution } \\color { blue } \\begin { enumerate } [ label = ( \\alph * ) ] \\item We write the Lagrangean function as : \\ [ \\mathcal { L } ( x , y , z \\lambda ) = x+y+z+\\lambda\\left ( 1 - x y z \\right ) .\\ ] First order conditions imply : \\ [ \\left\\ { \\begin { array } { l } { 1- \\lambda y z=0 } \\\\ { 1- \\lambda x z=0 } \\\\ { 1- \\lambda x y=0 } \\\\ { 1- x y z =0 } \\end { array } \\right . \\ ] The only solution of the system is given by : \\ [ ( x^ * , y^ * , z^ * ) = ( 1 , 1 , 1 ) \\quad \\text { with } \\quad \\lambda^ * = 1 . \\ ] \\item We can prove that the point"
recap_problems,"This text comes from the document recap_problems. indeed our global maximizer . \\color { black } \\section * { Exercise 2 \\textcolor { red } { [ Equality Constrained Optimization ] } } Given the problem \\ [ \\max_ { x , y , z } x + y + z\\ ] s.t . \\ [ x y z = 1\\ ] \\begin { enumerate } [ label = ( \\alph * ) ] \\item Find the stationary points of the problem . \\item Argue if any of the candidate points is the global miximizer . \\end { enumerate } \\subsection * { Solution } \\color { blue } \\begin { enumerate } [ label = ( \\alph * ) ] \\item We write the Lagrangean function as : \\ [ \\mathcal { L } ( x , y , z \\lambda ) = x+y+z+\\lambda\\left ( 1 - x y z \\right ) .\\ ] First order conditions imply : \\ [ \\left\\ { \\begin { array } { l } { 1- \\lambda y z=0 } \\\\ { 1- \\lambda x z=0 } \\\\ { 1- \\lambda x y=0 } \\\\ { 1- x y z =0 } \\end { array } \\right . \\ ] The only solution of the system is given by : \\ [ ( x^ * , y^ * , z^ * ) = ( 1 , 1 , 1 ) \\quad \\text { with } \\quad \\lambda^ * = 1 . \\ ] \\item We can prove that the point is not the global maximizer , by showing that the objective function is unbounded from above . For this purpose take $ z = 1 $ and $ y = 1/x $ . Then we have that the constraint is satisfied , and : \\ [ \\lim _ { x \\rightarrow+\\infty } f ( x , 1/x,1 ) = \\lim _ { x \\rightarrow+\\infty } x + \\frac { 1 } { x } = + \\infty . \\ ] \\end { enumerate } \\color { black } \\section * { Exercise 3 \\textcolor { red } { [ Inequality Constrained Optimization ] } } A consumer has the following utility function : \\ [ u ( x_1 , x_2 ) =x_1^ { 1/2 } +x_1^ { 1/2 } x_2^ { 1/3 } \\ ] Find the consumption bundle that maximizes her utility , subject to : \\ [ x_1\\geq0\\ ] \\ [ x_2\\geq0\\ ] \\ [ p_1x_1+p_2x_2\\leq I\\ ] With \\ ( P_1=2 , p_2=2 , I=8.\\ ) \\begin { enumerate } [ label = ( \\alph * ) ] \\item Use economic intuition to show that the problem is equivalent to an equality constraint problem , with non negative variables . Then write down first order necessary condition for a solution . \\item Check if the points ( 4,0 ) , ( 0,4 ) , ( 3,1 ) satisfy the FOC . \\item The previous points are the only ones satisfying the first order conditions . By using"
recap_problems,"This text comes from the document recap_problems. is not the global maximizer , by showing that the objective function is unbounded from above . For this purpose take $ z = 1 $ and $ y = 1/x $ . Then we have that the constraint is satisfied , and : \\ [ \\lim _ { x \\rightarrow+\\infty } f ( x , 1/x,1 ) = \\lim _ { x \\rightarrow+\\infty } x + \\frac { 1 } { x } = + \\infty . \\ ] \\end { enumerate } \\color { black } \\section * { Exercise 3 \\textcolor { red } { [ Inequality Constrained Optimization ] } } A consumer has the following utility function : \\ [ u ( x_1 , x_2 ) =x_1^ { 1/2 } +x_1^ { 1/2 } x_2^ { 1/3 } \\ ] Find the consumption bundle that maximizes her utility , subject to : \\ [ x_1\\geq0\\ ] \\ [ x_2\\geq0\\ ] \\ [ p_1x_1+p_2x_2\\leq I\\ ] With \\ ( P_1=2 , p_2=2 , I=8.\\ ) \\begin { enumerate } [ label = ( \\alph * ) ] \\item Use economic intuition to show that the problem is equivalent to an equality constraint problem , with non negative variables . Then write down first order necessary condition for a solution . \\item Check if the points ( 4,0 ) , ( 0,4 ) , ( 3,1 ) satisfy the FOC . \\item The previous points are the only ones satisfying the first order conditions . By using this information argue if any of them is the global maximizer . \\end { enumerate } \\subsection * { Solution } \\color { blue } \\begin { enumerate } [ label = ( \\alph * ) ] \\item The utility function is strictly increasing in both goods . Therefore the budget constrain must be met with equality , otherwise the consumer may increase their utility function by purchasing slightly more of one good . Therefore we can rewrite the problem as : \\ [ \\max_ { x_1 , x_2 } u ( x_1 , x_2 ) =x_1^ { 1/2 } +x_1^ { 1/2 } x_2^ { 1/3 } \\ ] s.t \\ [ x_1\\geq0\\ ] \\ [ x_2\\geq0\\ ] \\ [ x_1+x_2 = 4\\ ] This is an equality constrained optimization problem with non negative variables . We can write the Lagrangean with only one multiplier as : \\ [ \\mathcal { L } ( x_1 , x_2 \\lambda ) = x_1^ { 1/2 } +x_1^ { 1/2 } x_2^ { 1/3 } + \\lambda\\left ( 4 - x_1 -x_2 \\right ) .\\ ] First order conditions are then given by the following system : \\ [ \\left\\ { \\begin { array } { l } { \\frac { 1 } { 2 } x_1^ { -1/2 } + \\frac { 1 } { 2 } x_1^ { -1/2 } x_2^ { 1/3 } - \\lambda \\leq 0 } \\\\ { \\frac { 1 } { 3 } x_1^ {"
recap_problems,"This text comes from the document recap_problems. this information argue if any of them is the global maximizer . \\end { enumerate } \\subsection * { Solution } \\color { blue } \\begin { enumerate } [ label = ( \\alph * ) ] \\item The utility function is strictly increasing in both goods . Therefore the budget constrain must be met with equality , otherwise the consumer may increase their utility function by purchasing slightly more of one good . Therefore we can rewrite the problem as : \\ [ \\max_ { x_1 , x_2 } u ( x_1 , x_2 ) =x_1^ { 1/2 } +x_1^ { 1/2 } x_2^ { 1/3 } \\ ] s.t \\ [ x_1\\geq0\\ ] \\ [ x_2\\geq0\\ ] \\ [ x_1+x_2 = 4\\ ] This is an equality constrained optimization problem with non negative variables . We can write the Lagrangean with only one multiplier as : \\ [ \\mathcal { L } ( x_1 , x_2 \\lambda ) = x_1^ { 1/2 } +x_1^ { 1/2 } x_2^ { 1/3 } + \\lambda\\left ( 4 - x_1 -x_2 \\right ) .\\ ] First order conditions are then given by the following system : \\ [ \\left\\ { \\begin { array } { l } { \\frac { 1 } { 2 } x_1^ { -1/2 } + \\frac { 1 } { 2 } x_1^ { -1/2 } x_2^ { 1/3 } - \\lambda \\leq 0 } \\\\ { \\frac { 1 } { 3 } x_1^ { 1/2 } x_2^ { -2/3 } - \\lambda \\leq 0 } \\\\ { 4 - x_1 - x_2 = 0 } \\\\ { x_1 \\geq 0 } \\\\ { x_2 \\geq 0 } \\\\ { \\left [ \\frac { 1 } { 2 } x_1^ { -1/2 } + \\frac { 1 } { 2 } x_1^ { -1/2 } x_2^ { 1/3 } - \\lambda \\right ] x_1 = 0 } \\\\ { \\left [ \\frac { 1 } { 3 } x_1^ { 1/2 } x_2^ { -2/3 } - \\lambda \\right ] x_2 = 0 } \\end { array } \\right . \\ ] \\item By plugging in the values , we see that they all satify the first order conditions , with multipliers : \\ [ \\lambda_1 = 1/4 , \\quad \\lambda_2 = 0 , \\quad \\lambda_3 = \\frac { \\sqrt { 3 } } { 3 } \\ ] \\item Since the admissible region of the problem is compact and the utility function is continuous on it , the problem must admit a solution by Weierstrass theorem . Therefore the global maximizer must be among the points satysfing the first order condition . We can then just compare the utiltiy in the points we have : \\ [ u ( 4,0 ) = 2 , \\quad u ( 0,4 ) = 0 , \\quad u ( 3,1 ) = 2 \\sqrt { 3 } .\\ ] Comparing the values we conclude that the optimal consumption"
recap_problems,"This text comes from the document recap_problems. 1/2 } x_2^ { -2/3 } - \\lambda \\leq 0 } \\\\ { 4 - x_1 - x_2 = 0 } \\\\ { x_1 \\geq 0 } \\\\ { x_2 \\geq 0 } \\\\ { \\left [ \\frac { 1 } { 2 } x_1^ { -1/2 } + \\frac { 1 } { 2 } x_1^ { -1/2 } x_2^ { 1/3 } - \\lambda \\right ] x_1 = 0 } \\\\ { \\left [ \\frac { 1 } { 3 } x_1^ { 1/2 } x_2^ { -2/3 } - \\lambda \\right ] x_2 = 0 } \\end { array } \\right . \\ ] \\item By plugging in the values , we see that they all satify the first order conditions , with multipliers : \\ [ \\lambda_1 = 1/4 , \\quad \\lambda_2 = 0 , \\quad \\lambda_3 = \\frac { \\sqrt { 3 } } { 3 } \\ ] \\item Since the admissible region of the problem is compact and the utility function is continuous on it , the problem must admit a solution by Weierstrass theorem . Therefore the global maximizer must be among the points satysfing the first order condition . We can then just compare the utiltiy in the points we have : \\ [ u ( 4,0 ) = 2 , \\quad u ( 0,4 ) = 0 , \\quad u ( 3,1 ) = 2 \\sqrt { 3 } .\\ ] Comparing the values we conclude that the optimal consumption bundle is $ ( x^ * _1 , x^ * _2 ) = ( 3,1 ) . $ \\end { enumerate } \\color { black } \\section * { Exercise 4 \\textcolor { red } { [ Norms ] } } Say if the following function , is a norm on $ \\mathbb { R } ^3 $ . \\ [ \\max\\left\\ { \\sqrt { x_1^2+x_2^2 } , |x_3|\\right\\ } \\ ] \\subsection * { Solution } \\color { blue } First of all notice that $ \\sqrt { x_1^2+x_2^2 } $ is the euclidean norm on $ \\mathbb { R } ^2 $ and $ |x| $ is the Euclidean norm on $ \\mathbb { R } $ . Both of them satisfy all properties of a norm . Then we start by checking positivity . $ ||x|| \\geq 0 $ follows from $ \\sqrt { x_1^2+x_2^2 } \\geq 0 $ and $ |x_3| $ . The property is satisfied since we also have : \\ [ ||0|| = \\max\\left\\ { 0,0\\right\\ } = 0 , \\ ] \\ [ ||x|| = 0 \\implies \\max\\left\\ { \\sqrt { x_1^2+x_2^2 } , |x_3|\\right\\ } = 0 \\implies x_1 , x_2 , x_3 = 0.\\ ] Symmetry is aslo satisfied . \\ [ ||\\alpha x|| = \\max\\left\\ { \\sqrt { ( \\alpha x_1 ) ^2+ ( \\alpha x_2 ) ^2 } , |\\alpha x_3|\\right\\ } = \\max\\left\\ { \\sqrt { \\alpha^2 x_1^2+\\alpha^2 x_2^2 } , |\\alpha| |x_3|\\right\\ } = \\ ]"
recap_problems,"This text comes from the document recap_problems. bundle is $ ( x^ * _1 , x^ * _2 ) = ( 3,1 ) . $ \\end { enumerate } \\color { black } \\section * { Exercise 4 \\textcolor { red } { [ Norms ] } } Say if the following function , is a norm on $ \\mathbb { R } ^3 $ . \\ [ \\max\\left\\ { \\sqrt { x_1^2+x_2^2 } , |x_3|\\right\\ } \\ ] \\subsection * { Solution } \\color { blue } First of all notice that $ \\sqrt { x_1^2+x_2^2 } $ is the euclidean norm on $ \\mathbb { R } ^2 $ and $ |x| $ is the Euclidean norm on $ \\mathbb { R } $ . Both of them satisfy all properties of a norm . Then we start by checking positivity . $ ||x|| \\geq 0 $ follows from $ \\sqrt { x_1^2+x_2^2 } \\geq 0 $ and $ |x_3| $ . The property is satisfied since we also have : \\ [ ||0|| = \\max\\left\\ { 0,0\\right\\ } = 0 , \\ ] \\ [ ||x|| = 0 \\implies \\max\\left\\ { \\sqrt { x_1^2+x_2^2 } , |x_3|\\right\\ } = 0 \\implies x_1 , x_2 , x_3 = 0.\\ ] Symmetry is aslo satisfied . \\ [ ||\\alpha x|| = \\max\\left\\ { \\sqrt { ( \\alpha x_1 ) ^2+ ( \\alpha x_2 ) ^2 } , |\\alpha x_3|\\right\\ } = \\max\\left\\ { \\sqrt { \\alpha^2 x_1^2+\\alpha^2 x_2^2 } , |\\alpha| |x_3|\\right\\ } = \\ ] \\ [ = \\max\\left\\ { |\\alpha| \\sqrt { x_1^2+ x_2^2 } , |\\alpha| |x_3|\\right\\ } = |\\alpha| ||x|| . \\ ] Finally we prove that triangle inequality is satisfied . \\ [ ||x+y|| = \\max\\left\\ { \\sqrt { ( x_1 + y_1 ) ^2+ ( x_2 + y_2 ) ^2 } , |x_3 + y_3|\\right\\ } \\leq \\max\\left\\ { \\sqrt { x_1^2+ x_2^2 } + \\sqrt { y_1^2+ y_2^2 } , |x_3| + |y_3|\\right\\ } \\leq \\ ] \\ [ \\leq \\max\\left\\ { \\sqrt { x_1^2+x_2^2 } , |x_3|\\right\\ } + \\max\\left\\ { \\sqrt { y_1^2+y_2^2 } , |y_3|\\right\\ } = ||x|| + ||y|| . \\ ] \\color { black } \\section * { Exercise 5 \\textcolor { red } { [ Fixed Points ] } } Define $ f : ( 0,1/4 ) \\rightarrow ( 0,1/4 ) $ by $ f ( x ) = x^2 $ . Show that $ f $ is a contraction that has no fixed point . Why does Banach Theorem not apply ? \\subsection * { Solution } \\color { blue } We want to prove that $ d ( f ( x ) , f ( y ) ) \\leq d ( x , y ) . $ That is : \\ [ |x^2 - y^2| = | ( x+y ) ( x-y ) | \\leq |x+y||x-y| < \\frac { 1 } { 2 } |x-y| . \\ ] Where the last inequalities follow from $ |x+y| \\geq 0 $ and $"
recap_problems,"This text comes from the document recap_problems. \\ [ = \\max\\left\\ { |\\alpha| \\sqrt { x_1^2+ x_2^2 } , |\\alpha| |x_3|\\right\\ } = |\\alpha| ||x|| . \\ ] Finally we prove that triangle inequality is satisfied . \\ [ ||x+y|| = \\max\\left\\ { \\sqrt { ( x_1 + y_1 ) ^2+ ( x_2 + y_2 ) ^2 } , |x_3 + y_3|\\right\\ } \\leq \\max\\left\\ { \\sqrt { x_1^2+ x_2^2 } + \\sqrt { y_1^2+ y_2^2 } , |x_3| + |y_3|\\right\\ } \\leq \\ ] \\ [ \\leq \\max\\left\\ { \\sqrt { x_1^2+x_2^2 } , |x_3|\\right\\ } + \\max\\left\\ { \\sqrt { y_1^2+y_2^2 } , |y_3|\\right\\ } = ||x|| + ||y|| . \\ ] \\color { black } \\section * { Exercise 5 \\textcolor { red } { [ Fixed Points ] } } Define $ f : ( 0,1/4 ) \\rightarrow ( 0,1/4 ) $ by $ f ( x ) = x^2 $ . Show that $ f $ is a contraction that has no fixed point . Why does Banach Theorem not apply ? \\subsection * { Solution } \\color { blue } We want to prove that $ d ( f ( x ) , f ( y ) ) \\leq d ( x , y ) . $ That is : \\ [ |x^2 - y^2| = | ( x+y ) ( x-y ) | \\leq |x+y||x-y| < \\frac { 1 } { 2 } |x-y| . \\ ] Where the last inequalities follow from $ |x+y| \\geq 0 $ and $ |x+y| < \\frac { 1 } { 2 } $ , since $ x , y \\in ( 0,1/4 ) $ . However Banach theorem does not apply because the space $ ( 0,1/4 ) $ with the euclidean metric is not complete . To show this consider the sequence $ x_n = \\frac { 1 } { n } $ , which is Cauchy but not convergent , since \\ [ \\lim_ { n \\to \\infty } \\frac { 1 } { n } = 0 \\notin ( 0,1/4 ) . \\ ] \\color { black } \\end { document }"
recap_problems,"This text comes from the document recap_problems. |x+y| < \\frac { 1 } { 2 } $ , since $ x , y \\in ( 0,1/4 ) $ . However Banach theorem does not apply because the space $ ( 0,1/4 ) $ with the euclidean metric is not complete . To show this consider the sequence $ x_n = \\frac { 1 } { n } $ , which is Cauchy but not convergent , since \\ [ \\lim_ { n \\to \\infty } \\frac { 1 } { n } = 0 \\notin ( 0,1/4 ) . \\ ] \\color { black } \\end { document }"
